id;name;namewhere;engname
5000003600000;Балашиха;"Балашихе
";Balashiha
2200000100000;Барнаул;"Барнауле
";Barnaul
201100100000;Белорецк;"Белорецке
";Beloretsk
2200000400000;Бийск;"Бийске
";Bijsk
5000002500000;Видное;"Видном
";Vidnoe
1800000300000;Воткинск;"Воткинске
";Votkinsk
2300000300000;Геленджик;"Геленджике
";Gelendzhik
2404800100000;Дудинка;"Дудинке
";Dudinka
1601900100000;Елабуга;"Елабуге
";Elabuga
1602000100000;Заинск;"Заинске
";Zainsk
3200800100000;Жуковка;"Жуковке
";Zhukovka
3000000200000;Знаменск;"Знаменск
";Znamensk
1800000100000;Ижевск;"Ижевске
";Izhevsk
1600000100000;Казань;"Казани
";Kazan'
5202700100000;Кстово;"Кстовом
";Kstovo
4700511600000;Кудрово;"Кудрово
";Kudrovo
2500001200000;Лесозаводск;"Лесозаводске
";Lesozavodsk
5000005000000;Люберцы;"Люберцах
";Ljubertsy
1800000500000;Можга;"Можге
";Mozhga
3000900100000;Нариманов;"Нариманов
";Narimanov
2500000400000;Находка;"Находке
";Nahodka
200000300000;Нефтекамск;"Нефтекамске
";Neftekamsk
6001300100000;Опочка;"Опочке
";Opochka
6001400100000;Остров;"Остров
";Ostrov
6001600100000;Печоры;"Печорах
";Pechory
6002100100000;Пыталово;"Пыталовом
";Pytalovo
6602100100000;Реж;"Режи
";Rezh
6201400100000;Рыбное;"Рыбном
";Rybnoe
1800000200000;Сарапул;"Сарапуле
";Sarapul
2300000700000;Сочи;"Сочи
";Sochi
3102100100000;Строитель;"Строителе
";Stroitel'
2500001100000;Уссурийск;"Уссурийске
";Ussurijsk
5000005300000;Чехов;"Чехове
";Chehov
5000002100000;Электросталь;"Электростали
";Elektrostal'
1400000100000;Якутск;"Якутске
";Jakutsk
4800000200000;Елец;"Елеце
";Elets
7400000400000;Златоуст;"Златоусте
";Zlatoust
3700000100000;Иваново;"Иваново
";Ivanovo
5000004900000;Красногорск;"Красногорске
";Krasnogorsk
5000001200000;Лобня;"Лобня
";Lobnja
5000004400000;Мытищи;"Мытищи
";Mytischi
5004200000000;Одинцово;"Одинцовом
";Odintsovo
5005000000000;Пушкино;"Пушкино
";Pushkino
5000006500000;Солнечногорск;"Солнечногорске
";Solnechnogorsk
7700000500000;Троицк;"Троицке
";Troitsk
5000003000000;Химки;"Химки
";Himki
5000006200000;Щёлково;"Щёлково
";Schelkovo
4600000500000;Щигры;"Щигры
";Schigry
7200000300000;Ишим;"Ишиме
";Ishim
5000000900000;Королёв;"Королёв
";Korolev
2100002400000;Новочебоксарск;"Новочебоксарске
";Novocheboksarsk
8900000700000;Ноябрьск;"Ноябрьске
";Nojabr'sk
7100000100000;Тула;"Туле
";Tula
5004900000000;Шатура;"Шатуре
";Shatura
5600000600000;Бузулук;"Бузулуке
";Buzuluk
3700000400000;Вичуга;"Вичуге
";Vichuga
4700600100000;Выборг;"Выборге
";Vyborg
4700700100000;Гатчина;"Гатчине
";Gatchina
5900000600000;Добрянка;"Добрянке
";Dobrjanka
5400000500000;Искитим;"Искитиме
";Iskitim
3000600100000;Камызяк;"Камызяке
";Kamyzjak
2900000300000;Новодвинск;"Новодвинске
";Novodvinsk
5600000300000;Новотроицк;"Новотроицк
";Novotroitsk
5700000100000;Орёл;"Орле
";Orel
5800000100000;Пенза;"Пензе
";Penza
5200000300000;Саров;"Сарове
";Sarov
5600000900000;Сорочинск;"Сорочинске
";Sorochinsk
6100001100000;Таганрог;"Таганроге
";Taganrog
5600001000000;Ясный;"Ясном
";Jasnyj
2600000900000;Георгиевск;"Георгиевске
";Georgievsk
6500300100000;Долинск;"Долинске
";Dolinsk
5004700000000;Клин;"Клине
";Klin
6500400100000;Корсаков;"Корсаков
";Korsakov
8600900200000;Лянтор;"Лянторе
";Ljantor
2200000800000;Новоалтайск;"Новоалтайске
";Novoaltajsk
8600000600000;Покачи;"Покачи
";Pokachi
6600001800000;Ревда;"Ревде
";Revda
7500000100000;Чита;"Чите
";Chita
6501600100000;Холмск;"Холмске
";Holmsk
6702500100000;Ярцево;"Ярцево
";Jartsevo
6100000500000;Гуково;"Гукове
";Gukovo
5000100100000;Дрезна;"Дрезне
";Drezna
5000003800000;Кашира;"Кашире
";Kashira
6100001000000;Новошахтинск;"Новошахтинске
";Novoshahtinsk
6001900100000;Пустошка;"Пустошке
";Pustoshka
6200000100000;Рязань;"Рязани
";Rjazan'
6300000100000;Самара;"Самаре
";Samara
5502800100000;Тара;"Таре
";Tara
6900000100000;Тверь;"Твери
";Tver'
6600003000000;Камышлов;"Камышлове
";Kamyshlov
6800000200000;Котовск;"Котовске
";Kotovsk
5005100100000;Озёры;"Озёры
";Ozery
8600000700000;Пыть-Ях;"Пыть-Ях
";Pyt'-Jah
6103200100000;Пролетарск;"Пролетарске
";Proletarsk
2200001200000;Яровое;"Яровом
";Jarovoe
3400000300000;Камышин;"Камышине
";Kamyshin
5600000800000;Кувандык;"Кувандыке
";Kuvandyk
3200000200000;Сельцо;"Сельце
";Sel'tso
5601500100000;Соль-Илецк;"Соль-Илецке
";Sol'-Iletsk
3800001500000;Шелехов;"Шелехове
";Shelehov
2400001600000;Канск;"Канске
";Kansk
3800001600000;Свирск;"Свирск
";Svirsk
3801800100000;Слюдянка;"Слюдянке
";Sljudjanka
3800001400000;Черемхово;"Черемховом
";Cheremhovo
5900001300000;Чусовой;"Чусовом
";Chusovoj
6800000300000;Моршанск;"Моршанске
";Morshansk
6201500100000;Ряжск;"Ряжске
";Rjazhsk
6200000300000;Скопин;"Скопине
";Skopin
6400000500000;Балашов;"Балашове
";Balashov
6401600100000;Калининск;"Калининске
";Kalininsk
4700509300000;Колтуши;"Колтуши
";Koltushi
6400000800000;Маркс;"Марксе
";Marks
4701000300000;Шлиссельбург;"Шлиссельбурге
";Shlissel'burg
7200000400000;Заводоуковск;"Заводоуковске
";Zavodoukovsk
6901500100000;Конаково;"Конакове
";Konakovo
7400000600000;Копейск;"Копейске
";Kopejsk
4400000300000;Кострома;"Костроме
";Kostroma
301200100000;Кяхта;"Кяхте
";Kjahta
7601500100000;Рыбинск;"Рыбинске
";Rybinsk
7601600100000;Тутаев;"Тутаеве
";Tutaev
6501000100000;Поронайск;"Поронайске
";Poronajsk
3100000000000;Короча;"Короче
";Korocha
6500200100000;Анива;"Аниве
";Aniva
1300000000000;Темников;"Темников
";Temnikov
2100000000000;Ядрин;"Ядрине
";Jadrin
2500000300000;Артём;"Артёме
";Artem
5800000000000;Белинский;"Белинском
";Belinskij
8600001500000;Радужный;"Радужном
";Raduzhnyj
3300000000000;Владимир;"Владимире
";Vladimir
4500000000000;Курган;"Кургане
";Kurgan
7000000000000;Томск;"Томске
";Tomsk
3600000000000;Воронеж;"Воронеже
";Voronezh
7300000000000;Ульяновск;"Ульяновске
";Ul'janovsk
2300000000000;Усть-Лабинск;"Усть-Лабинске
";Ust'-Labinsk
3400000000000;Городище;"Городище
";Gorodische
6400000000000;Саратов;"Саратове
";Saratov
2500000900000;Дальнереченск;"Дальнереченске
";Dal'nerechensk
4600000000000;Фатеж;"Фатеже
";Fatezh
2700000000000;Хабаровск;"Хабаровске
";Habarovsk
3900000000000;Калининград;"Калининграде
";Kaliningrad
4700000000000;Кингисепп;"Кингисеппе
";Kingisepp
4800000000000;Липецк;"Липецке
";Lipetsk
6000000000000;Себеж;"Себеже
";Sebezh
500000100000;Махачкала;"Махачкале
";Mahachkala
8600000000000;Ханты-Мансийск;"Ханты-Мансийске
";Hanty-Mansijsk
3200000000000;Севск;"Севск
";Sevsk
5100000000000;Мурманск;"Мурманске
";Murmansk
6500700100000;Невельск;"Невельске
";Nevel'sk
4300000000000;Нолинск;"Нолинске
";Nolinsk
5500000000000;Омск;"Омске
";Omsk
5600000000000;Оренбург;"Оренбурге
";Orenburg
6700000000000;Смоленск;"Смоленске
";Smolensk
3800000000000;Тайшет;"Тайшете
";Tajshet
6800000000000;Тамбов;"Тамбове
";Tambov
7400000000000;Челябинск;"Челябинске
";Cheljabinsk
200900100000;Белебей;"Белебее
";Belebej
7100400100000;Белёв;"Белёве
";Belev
1900000400000;Абаза;"Абазе
";Abaza
1900000100000;Абакан;"Абакане
";Abakan
200000200000;Агидель;"Агидель
";Agidel'
1600200100000;Агрыз;"Агрызе
";Agryz
100000200000;Адыгейск;"Адыгейске
";Adygejsk
1600300100000;Азнакаево;"Азнакаеве
";Aznakaevo
6100001300000;Азов;"Азове
";Azov
1500200100000;Алагир;"Алагире
";Alagir
6600002400000;Алапаевск;"Алапаевске
";Alapaevsk
2100002200000;Алатырь;"Алатыри
";Alatyr'
1400300100000;Алдан;"Алдане
";Aldan
2200000200000;Алейск;"Алейске
";Alejsk
3300200100000;Александров;"Александрове
";Aleksandrov
3100200100000;Алексеевка;"Алексеевке
";Alekseevka
7100200100000;Алексин;"Алексине
";Aleksin
1600800100000;Альметьевск;"Альметьевске
";Al'met'evsk
2800000000000;Амурск;"Амурске
";Amursk
8700000100000;Анадырь;"Анадыри
";Anadyr'
3800000400000;Ангарск;"Ангарске
";Angarsk
4200000200000;Анжеро-Судженск;"Анжеро-Судженске
";Anzhero-Sudzhensk
5100000200000;Апатиты;"Апатитах
";Apatity
5004800300000;Апрелевка;"Апрелевке
";Aprelevka
2000000200000;Аргун;"Арагуне
";Argun
1500300100000;Ардон;"Ардоне
";Ardon
5200000400000;Арзамас;"Арзамасе
";Arzamas
1601000100000;Арск;"Арске
";Arsk
2000000000000;Урус-Мартан;"Урус-Мартане
";Urus-Martan
2900000000000;Архангельск;"Архангельске
";Arhangel'sk
6600000200000;Асбест;"Асбесте
";Asbest
7000300100000;Асино;"Асино
";Asino
6400000300000;Аткарск;"Аткарске
";Atkarsk
2400001200000;Ачинск;"Ачинске
";Achinsk
7400200300000;Аша;"Аше
";Asha
3500200100000;Бабаево;"Бабаево
";Babaevo
1601200100000;Бавлы;"Бавлы
";Bavly
3801800200000;Байкальск;"Байкальске
";Bajkal'sk
200600100000;Баймак;"Баймаке
";Bajmak
7401700100000;Бакал;"Бакале
";Bakal
700000300000;Баксан;"Баксане
";Baksan
6400000400000;Балаково;"Балаково
";Balakovo
5200400100000;Балахна;"Балахне
";Balahna
7500400100000;Балей;"Балее
";Balej
3901500100000;Балтийск;"Балтийск
";Baltijsk
7300300002800;Барыш;"Барыше
";Barysh
6900300200000;Бежецк;"Бежецке
";Bezhetsk
4300400100000;Белая Холуница;"Белой Холунице
";Belaja Holunitsa
2800000300000;Белогорск;"Белогорске
";Belogorsk
5300300100000;Боровичи;"Боровичи
";Borovichi
2200000300000;Белокуриха;"Белокурихе
";Belokuriha
9300000000000;Донецк;"Донецк
";Donetsk
5004400200000;Белоозёрский;"Белоозёрском
";Beloozerskij
4000900200000;Белоусово;"Белоусовом
";Belousovo
8600001300000;Белоярский;"Белоярском
";Belojarskij
5400000200000;Бердск;"Бердске
";Berdsk
5900000200000;Березники;"Березники
";Berezniki
6600000300000;Берёзовский;"Берёзовском
";Berezovskij
1500800100000;Беслан;"Беслане
";Beslan
2700000400000;Бикин;"Бикине
";Bikin
8700300100000;Билибино;"Билибином
";Bilibino
201300100000;Бирск;"Бирске
";Birsk
5000000000000;Москва;Москве;Msk
3101200100000;Бирюч;"Бирюче
";Birjuch
2600600100000;Благодарный;"Благодарном
";Blagodarnyj
3600300100000;Бобров;"Бобров
";Bobrov
6600800100000;Богданович;"Богдановиче
";Bogdanovich
5200500100000;Богородск;"Богородск
";Bogorodsk
2400001300000;Боготол;"Боготоле
";Bogotol
3800000600000;Бодайбо;"Бодайбо
";Bodajbo
1603800100000;Болгар;"Болгаре
";Bolgar
6900500100000;Бологое;"Бологое
";Bologoe
5400400100000;Болотное;"Болотном
";Bolotnoe
5700200100000;Болхов;"Болхове
";Bolhov
5200000500000;Бор;"Бор
";Bor
7500500100000;Борзя;"Борзя
";Borzja
4000400100000;Боровск;"Боровске
";Borovsk
3800000500000;Братск;"Братске
";Bratsk
5000000200000;Бронницы;"Бронницы
";Bronnitsy
1601400100000;Бугульма;"Бугульме
";Bugul'ma
5600000500000;Бугуруслан;"Бугуруслане
";Buguruslan
2600700100000;Будённовск;"Будённовске
";Budennovsk
1601500100000;Буинск;"Буинске
";Buinsk
3600600100000;Бутурлиновка;"Бутурлиновке
";Buturlinovka
5300400100000;Валдай;"Валдае
";Valdaj
3100400100000;Валуйки;"Валуйки
";Valujki
6000000200000;Великие Луки;"Великие Луки
";Velikie Luki
6100000000000;Ростов;"Ростове
";Rostov
6500000000000;Углегорск;"Углегорске
";Uglegorsk
5300000100000;Великий Новгород;"Великом Новгороде
";Velikij Novgorod
3500600100000;Великий Устюг;"Великом Устюге
";Velikij Ustjug
2900200100000;Вельск;"Вельске
";Vel'sk
7100600100000;Венёв;"Венёв
";Venev
5900500100000;Верещагино;"Верещагино
";Vereschagino
7400000200000;Верхний Уфалей;"Верхнем Уфалее
";Verhnij Ufalej
6600000400000;Верхняя Пышма;"Верхней Пышме
";Verhnjaja Pyshma
6600900200000;Верхняя Салда;"Верхней Салде
";Verhnjaja Salda
6600004000000;Верхняя Тура;"Верхней Тура
";Verhnjaja Tura
6601000100000;Верхотурье;"Верхотурье
";Verhotur'e
6900001100000;Весьегонск;"Весьегонске
";Ves'egonsk
5201300100000;Ветлуга;"Ветлуге
";Vetluga
4100000200000;Вилючинск;"Вилючинске
";Viljuchinsk
3800500200000;Вихоревка;"Вихоревке
";Vihorevka
2500000100000;Владивосток;"Владивостоке
";Vladivostok
6100000400000;Волгодонск;"Волгодонске
";Volgodonsk
4400000200000;Волгореченск;"Волгореченске
";Volgorechensk
3400000200000;Волжский;"Волжском
";Volzhskij
3500000100000;Вологда;"Вологде
";Vologda
5000006600000;Волоколамск;"Волоколамске
";Volokolamsk
4700300100000;Волосово;"Волосовом
";Volosovo
6600003900000;Волчанск;"Волчанске
";Volchansk
6400000600000;Вольск;"Вольске
";Vol'sk
1100000200000;Воркута;"Воркуте
";Vorkuta
5004400000000;Воскресенск;"Воскресенске
";Voskresensk
4700500100000;Всеволожск;"Всеволожске
";Vsevolozhsk
1100000300000;Вуктыл;"Вуктыле
";Vuktyl
5200000700000;Выкса;"Выксе
";Vyksa
3500900100000;Вытегра;"Вытегре
";Vytegra
6900000600000;Вышний Волочёк;"Вышнем Волочёк
";Vyshnij Volochek
3300300100000;Вязники;"Вязники
";Vjazniki
6700300100000;Вязьма;"Вязьме
";Vjaz'ma
3700400100000;Гаврилов Посад;"Гаврилов Посаде
";Gavrilov Posad
7600500100000;Гаврилов-Ям;"Гаврилов-Ям
";Gavrilov-Jam
6700400100000;Гагарин;"Гагарине
";Gagarin
5100001200000;Гаджиево;"Гаджиево
";Gadzhievo
5600000700000;Гай;"Гай
";Gaj
4400500100000;Галич;"Галиче
";Galich
3900300100000;Гвардейск;"Гвардейске
";Gvardejsk
1800000400000;Глазов;"Глазове
";Glazov
5203200300000;Горбатов;"Горбатове
";Gorbatov
5900600100000;Горнозаводск;"Горнозаводске
";Gornozavodsk
2202700100000;Горняк;"Горняке
";Gornjak
5200000000000;Городец;"Городеце
";Gorodets
800000000000;Городовиковск;"Городовиковске
";Gorodovikovsk
3300400100000;Гороховец;"Гороховце
";Gorohovets
7700000000000;Москва;Москве;Moskva
5900000400000;Гремячинск;"Гремячинске
";Gremjachinsk
2000000100000;Грозный;"Грозном
";Groznyj
3501000100000;Грязовец;"Грязовце
";Grjazovets
5900000500000;Губаха;"Губахе
";Gubaha
3100000400000;Губкин;"Губкине
";Gubkin
8900000200000;Губкинский;"Губкинский
";Gubkinskij
2000500100000;Гудермес;"Гудермесе
";Gudermes
3900500100000;Гусев;"Гусеве
";Gusev
301800100000;Гусиноозёрск;"Гусиноозёрске
";Gusinoozersk
3300000300000;Гусь-Хрустальный;"Гусь-Хрустальном
";Gus'-Hrustal'nyj
205900100000;Давлеканово;"Давлекановом
";Davlekanovo
4500500100000;Далматово;"Далматово
";Dalmatovo
7600600100000;Данилов;"Данилове
";Danilov
4800400100000;Данков;"Данкове
";Dankov
500000600000;Дербент;"Дербенте
";Derbent
6700000200000;Десногорск;"Десногорске
";Desnogorsk
5200000200000;Дзержинск;"Дзержинске
";Dzerzhinsk
2400000300000;Дивногорск;"Дивногорске
";Divnogorsk
1500400100000;Дигора;"Дигоре
";Digora
7300000200000;Димитровград;"Димитровграде
";Dimitrovgrad
5004500000000;Дмитровск;"Дмитровске
";Dmitrovsk
5000002900000;Долгопрудный;"Долгопрудном
";Dolgoprudnyj
5000000100000;Домодедово;"Домодедово
";Domodedovo
7100000200000;Донской;"Донском
";Donskoj
5000000300000;Дубна;"Дубне
";Dubna
6700800100000;Духовщина;"Духовщине
";Duhovschina
206000100000;Дюртюли;"Дюртюли
";Djurtjuli
5000003900000;Егорьевск;"Егорьевске
";Egor'evsk
2301100100000;Ейск;"Ейске
";Ejsk
4100500100000;Елизово;"Елизовом
";Elizovo
6700900100000;Ельня;"Ельне
";El'nja
7404400100000;Еманжелинск;"Еманжелинске
";Emanzhelinsk
1100600100000;Емва;"Емве
";Emva
2400001400000;Енисейск;"Енисейске
";Enisejsk
4000400400000;Ермолино;"Ермолино
";Ermolino
6401400100000;Ершов;"Ершов
";Ershov
7101000100000;Ефремов;"Ефремов
";Efremov
2600000300000;Железноводск;"Железноводске
";Zheleznovodsk
4600000300000;Железногорск;"Железногорске
";Zheleznogorsk
6800400200000;Жердевка;"Жердевке
";Zherdevka
4000800100000;Жиздра;"Жиздре
";Zhizdra
3400800100000;Жирновск;"Жирновске
";Zhirnovsk
5000000500000;Жуковский;"Жуковском
";Zhukovskij
2800500100000;Завитинск;"Завитинске
";Zavitinsk
3700500100000;Заволжск;"Заволжске
";Zavolzhsk
5202000200000;Заволжье;"Заволжье
";Zavolzh'e
300700100000;Закаменск;"Закаменск
";Zakamensk
2403301500000;Заозёрный;"Заозёрном
";Zaozernyj
5100000300000;Заозёрск;"Заозёрске
";Zaozersk
5100500200000;Заполярный;"Заполярном
";Zapoljarnyj
5000004600000;Зарайск;"Зарайске
";Zarajsk
5800000200000;Заречный;"Заречном
";Zarechnyj
2200001100000;Заринск;"Заринске
";Zarinsk
1200400100000;Звенигово;"Звенигово
";Zvenigovo
7800000200000;Зеленогорск;"Зеленогорске
";Zelenogorsk
1602100100000;Зеленодольск;"Зеленодольске
";Zelenodol'sk
2602300100000;Зеленокумск;"Зеленокумске
";Zelenokumsk
6101300100000;Зерноград;"Зернограде
";Zernograd
2800000400000;Зея;"Зее
";Zeja
3800000700000;Зима;"Зиме
";Zima
3200900100000;Злынка;"Злынке
";Zlynka
2201500100000;Змеиногорск;"Змеиногорске
";Zmeinogorsk
6900002500000;Зубцов;"Зубцов
";Zubtsov
4301000100000;Зуевка;"Зуевке
";Zuevka
5005000300000;Ивантеевка;"Ивантеевке
";Ivanteevka
6600000600000;Ивдель;"Ивдели
";Ivdel'
2403801700000;Игарка;"Игарке
";Igarka
500000300000;Избербаш;"Избербаше
";Izberbash
2601000100000;Изобильный;"Изобильном
";Izobil'nyj
2401600100000;Иланский;"Иланском
";Ilanskij
7300500100000;Инза;"Инзе
";Inza
1100000400000;Инта;"Инте
";Inta
6600002900000;Ирбит;"Ирбите
";Irbit
5500700100000;Исилькуль;"Исилькуле
";Isil'kul'
5004600000000;Истра;"Истре
";Istra
202600100000;Ишимбай;"Ишимбае
";Ishimbaj
1200000100000;Йошкар-Ола;"Йошкар-Оле
";Joshkar-Ola
3501700200000;Кадников;"Кадникове
";Kadnikov
5500800100000;Калачинск;"Калачинске
";Kalachinsk
4200000400000;Калтан;"Калтане
";Kaltan
6901100200000;Калязин;"Калязине
";Kaljazin
1801100100000;Камбарка;"Камбарке
";Kambarka
5801100100000;Каменка;"Каменке
";Kamenka
4700600300000;Каменногорск;"Каменногорске
";Kamennogorsk
6100000800000;Каменск-Шахтинский;"Каменск-Шахтинском
";Kamensk-Shahtinskij
3300600100000;Камешково;"Камешковом
";Kameshkovo
2100002300000;Канаш;"Канаше
";Kanash
5100100100000;Кандалакша;"Кандалакше
";Kandalaksha
3300200200000;Карабаново;"Карабановом
";Karabanovo
7400000500000;Карабаш;"Карабаше
";Karabash
600000200000;Карабулак;"Карабулаке
";Karabulak
5400900100000;Карасук;"Карасуке
";Karasuk
900000200000;Карачаевск;"Карачаевск
";Karachaevsk
3201000100000;Карачев;"Карачеве
";Karachev
6600000700000;Карпинск;"Карпинске
";Karpinsk
7400700100000;Карталы;"Карталы
";Kartaly
6200000400000;Касимов;"Касимов
";Kasimov
7400900100000;Касли;"Касли
";Kasli
500000400000;Каспийск;"Каспийске
";Kaspijsk
4500800100000;Катайск;"Катайске
";Katajsk
6600000800000;Качканар;"Качканаре
";Kachkanar
6900000900000;Кашин;"Кашине
";Kashin
2400002100000;Кедровый;"Кедровом
";Kedrovyj
4200000900000;Кемерово;"Кемеровом
";Kemerovo
500000000000;Кизляр;"Кизляре
";Kizljar
7101300100000;Кимовск;"Кимовске
";Kimovsk
6900000500000;Кимры;"Кимры
";Kimry
3700000200000;Кинешма;"Кинешме
";Kineshma
3801200100000;Киренск;"Киренске
";Kirensk
3300700100000;Киржач;"Киржаче
";Kirzhach
4700900100000;Кириши;"Киришах
";Kirishi
6600000900000;Кировград;"Кировграде
";Kirovgrad
6800000500000;Кирсанов;"Кирсанов
";Kirsanov
4200000500000;Киселёвск;"Киселёвске
";Kiselevsk
2600000400000;Кисловодск;"Кисловодске
";Kislovodsk
3200000300000;Клинцы;"Клинцы
";Klintsy
5202300100000;Княгинино;"Княгинино
";Knjaginino
5100200100000;Ковдор;"Ковдоре
";Kovdor
3300000400000;Ковров;"Ковров
";Kovrov
1300000200000;Ковылкино;"Ковылкином
";Kovylkino
8600000200000;Когалым;"Когалыме
";Kogalym
3800000200000;Саянск;"Саянске
";Sajansk
4001200100000;Козельск;"Козельске
";Kozel'sk
2100800100000;Козловка;"Козловке
";Kozlovka
5100300100000;Кола;"Коле
";Kola
4400700100000;Кологрив;"Кологриве
";Kologriv
5005100000000;Коломна;"Коломне
";Kolomna
7000900100000;Колпашево;"Колпашеве
";Kolpashevo
3300900100000;Кольчугино;"Кольчугином
";Kol'chugino
2700000500000;Комсомольск-на-Амуре;"комсомольск-на-амуре
";Komsomol'sk-na-Amure
1000500100000;Кондопога;"Кондопоге
";Kondopoga
4000600100000;Кондрово;"Кондровом
";Kondrovo
6200700100000;Кораблино;"Кораблином
";Korablino
7400000300000;Коркино;"Коркином
";Korkino
3301200200000;Костерёво;"Костерёво
";Kosterevo
1000000400000;Костомукша;"Костомукше
";Kostomuksha
5000003200000;Котельники;"Котельники
";Kotel'niki
3401400100000;Котельниково;"Котельниково
";Kotel'nikovo
4301400100000;Котельнич;"Котельниче
";Kotel'nich
2900800100000;Котлас;"Котласе
";Kotlas
3700000300000;Кохма;"Кохме
";Kohma
3500600200000;Красавино;"Красавино
";Krasavino
5901300100000;Красновишерск;"Красновишерске
";Krasnovishersk
5004100300000;Краснозаводск;"Краснозаводске
";Krasnozavodsk
5000001100000;Краснознаменск;"Краснознаменске
";Krasnoznamensk
7501100100000;Краснокаменск;"Краснокаменске
";Krasnokamensk
3402800200000;Краснослободск;"Краснослободске
";Krasnoslobodsk
6600001000000;Краснотурьинск;"Краснотурьинске
";Krasnotur'insk
6600003100000;Красноуфимск;"Красноуфимске
";Krasnoufimsk
6401800100000;Красный Кут;"Красном Куте
";Krasnyj Kut
6101900100000;Красный Сулин;"Красном Сулине
";Krasnyj Sulin
6900001200000;Красный Холм;"Красном Холме
";Krasnyj Holm
4000900400000;Кремёнки;"Кремёнках
";Kremenki
2301200100000;Кропоткин;"Кропоткине
";Kropotkin
2301800100000;Крымск;"Крымск
";Krymsk
5004200300000;Кубинка;"Кубинке
";Kubinka
5900001400000;Кудымкар;"Кудымкаре
";Kudymkar
1602400200000;Кукмор;"Кукморе
";Kukmor
5200001000000;Кулебаки;"Кулебаки
";Kulebaki
200000700000;Кумертау;"Кумертау
";Kumertau
5900000900000;Кунгур;"Кунгуре
";Kungur
5401600100000;Купино;"Купином
";Kupino
3300500200000;Курлово;"Курловом
";Kurlovo
4501000100000;Куртамыш;"Куртамыше
";Kurtamysh
2000600100000;Курчалой;"Курчалом
";Kurchaloj
4600000200000;Курчатов;"Курчатове
";Kurchatov
7403400100000;Куса;"Куса
";Kusa
6600001200000;Кушва;"Кушве
";Kushva
1700000100000;Кызыл;"Кызыле
";Kyzyl
7400000800000;Кыштым;"Кыштыме
";Kyshtym
8900000300000;Лабытнанги;"Лабытнанги
";Labytnangi
800600100000;Лагань;"Лагани
";Lagan'
3900000800000;Ладушкин;"Ладушкине
";Ladushkin
1602500100000;Лаишево;"Лаишеве
";Laishevo
3301400200000;Лакинск;"Лакинске
";Lakinsk
8600000300000;Лангепас;"Лангепасе
";Langepas
1602600100000;Лениногорск;"Лениногорске
";Leninogorsk
4200001000000;Ленинск-Кузнецкий;"Ленинск-Кузнецком
";Leninsk-Kuznetskij
1401500100000;Ленск;"Ленске
";Lensk
2600000500000;Лермонтов;"Лермонтове
";Lermontov
6600001300000;Лесной;"Лесном
";Lesnoj
2400000800000;Лесосибирск;"Лесосибирске
";Lesosibirsk
5700000200000;Ливны;"Ливны
";Livny
7101400300000;Липки;"Липки
";Lipki
3601500100000;Лиски;"Лиски
";Liski
6900002300000;Лихославль;"Лихославле
";Lihoslavl'
4701100100000;Лодейное Поле;"Лодейном Поле
";Lodejnoe Pole
9400000000000;Луга;"Лугах
";Luga
4301700100000;Луза;"Лузе
";Luza
5202900100000;Лукоянов;"Лукоянове
";Lukojanov
5000004800000;Луховицы;"Луховицы
";Luhovitsy
5203000100000;Лысково;"Лысковом
";Lyskovo
5000001300000;Лыткарино;"Лыткарином
";Lytkarino
4600000400000;Льгов;"Льгове
";L'gov
4701800400000;Любань;"Любани
";Ljuban'
7600000000000;Любим;"Любим
";Ljubim
4900000000000;Магадан;"Магадане
";Magadan
600000100000;Магас;"Магасе
";Magas
7400000900000;Магнитогорск;"Магнитогорске
";Magnitogorsk
100000100000;Майкоп;"Майкопе
";Majkop
700400100000;Майский;"Майском
";Majskij
4501200100000;Макушино;"Макушине
";Makushino
5300900100000;Малая Вишера;"Малой Вишере
";Malaja Vishera
600000400000;Малгобек;"Малгобеке
";Malgobek
4001500100000;Малоярославец;"Малоярославце
";Malojaroslavets
1602700100000;Мамадыш;"Мамадыше
";Mamadysh
3900000900000;Мамоново;"Мамоновом
";Mamonovo
4401000100000;Мантурово;"Мантуровом
";Manturovo
4200700100000;Мариинск;"Мариинске
";Mariinsk
2101200100000;Мариинский Посад;"Мариинском Посаде
";Mariinskij Posad
8600000400000;Мегион;"Мегионе
";Megion
1000800100000;Медвежьегорск;"Медвежьегорске
";Medvezh'egorsk
5600000200000;Медногорск;"Медногорске
";Mednogorsk
4001600100000;Медынь;"Медыни
";Medyn'
4200001600000;Междуреченск;"Междуреченске
";Mezhdurechensk
2901200100000;Мезень;"Мезени
";Mezen'
3301000100000;Меленки;"Меленках
";Melenki
203500100000;Мелеуз;"Мелеузе
";Meleuz
1602900100000;Мензелинск;"Мензелинске
";Menzelinsk
7400001000000;Миасс;"Миассе
";Miass
1101700200000;Микунь;"Микуни
";Mikun'
6102300100000;Миллерово;"Миллерово
";Millerovo
2400001700000;Минусинск;"Минусинске
";Minusinsk
7400200100000;Миньяр;"Миньяре
";Min'jar
1401700100000;Мирный;"Мирном
";Mirnyj
3400000400000;Михайловка;"Михайловке
";Mihajlovka
2602700100000;Михайловск;"Михайловске
";Mihajlovsk
6800000600000;Мичуринск;"Мичуринске
";Michurinsk
7501400100000;Могоча;"Могоче
";Mogocha
5000005600000;Можайск;"Можайске
";Mozhajsk
1500000000000;Моздок;"Моздоке
";Mozdok
5100000600000;Мончегорск;"Мончегорске
";Monchegorsk
6102500100000;Морозовск;"Морозовске
";Morozovsk
4001800100000;Мосальск;"Мосальске
";Mosal'sk
3300000500000;Муром;"Муроме
";Murom
4200000600000;Мыски;"Мысках
";Myski
7600800100000;Мышкин;"Мышкине
";Myshkin
1600000200000;Набережные Челны;"Набережные Челны
";Naberezhnye Chelny
5200001100000;Навашино;"Навашино
";Navashino
3700700200000;Наволоки;"Наволоки
";Navoloki
8900000500000;Надым;"Надыме
";Nadym
2400001800000;Назарово;"Назаровом
";Nazarovo
5501600100000;Называевск;"Называевске
";Nazyvaevsk
700000100000;Нальчик;"Нальчике
";Nal'chik
5004800000000;Наро-Фоминск;"Наро-Фоминске
";Naro-Fominsk
700700100000;Нарткала;"Нарткале
";Nartkala
6001000100000;Невель;"Невели
";Nevel'
2600000600000;Невинномысск;"Невинномысске
";Nevinnomyssk
6600000000000;Невьянск;"Невьянске
";Nev'jansk
6900000400000;Нелидово;"Нелидовом
";Nelidovo
3900800100000;Неман;"Немане
";Neman
4401300100000;Нерехта;"Нерехте
";Nerehta
7501500100000;Нерчинск;"Нерчинске
";Nerchinsk
1400100100000;Нерюнгри;"Нерюнгри
";Nerjungri
6301700100000;Нефтегорск;"Нефтегорске
";Neftegorsk
2601800100000;Нефтекумск;"Нефтекумске
";Neftekumsk
8600001400000;Нефтеюганск;"Нефтеюганске
";Neftejugansk
4401200100000;Нея;"Нея
";Neja
1603100100000;Нижнекамск;"Нижнекамске
";Nizhnekamsk
3800000800000;Нижнеудинск;"Нижнеудинске
";Nizhneudinsk
6601700100000;Нижние Серги;"Нижние Серги
";Nizhnie Sergi
5802200100000;Нижний Ломов;"Нижнем Ломов
";Nizhnij Lomov
5200000100000;Нижний Новгород;"Нижнем Новгороде
";Nizhnij Novgorod
6600002300000;Нижний Тагил;"Нижнем Тагиле
";Nizhnij Tagil
6600001400000;Нижняя Тура;"Нижней Тура
";Nizhnjaja Tura
2700000600000;Николаевск-на-Амуре;"николаевск-на-амуре
";Nikolaevsk-na-Amure
4701800300000;Никольское;"Никольском
";Nikol'skoe
4700402500000;Новая Ладога;"Новой Ладоге
";Novaja Ladoga
6601800100000;Новая Ляля;"Новой Ляле
";Novaja Ljalja
3402100100000;Новоаннинский;"Новоаннинском
";Novoanninskij
3200000400000;Новозыбков;"Новозыбкове
";Novozybkov
4200001200000;Новокузнецк;"Новокузнецке
";Novokuznetsk
6300000300000;Новокуйбышевск;"Новокуйбышевске
";Novokujbyshevsk
6201200200000;Новомичуринск;"Новомичуринске
";Novomichurinsk
7101700100000;Новомосковск;"Новомосковске
";Novomoskovsk
2601200100000;Новопавловск;"Новопавловске
";Novopavlovsk
6001100100000;Новоржев;"Новоржеве
";Novorzhev
5701700100000;Новосиль;"Новосиле
";Novosil'
6402300100000;Новоузенск;"Новоузенске
";Novouzensk
6600001500000;Новоуральск;"Новоуральске
";Novoural'sk
3601800100000;Новохопёрск;"Новохопёрске
";Novohopersk
6100000900000;Новочеркасск;"Новочеркасске
";Novocherkassk
3101400100000;Новый Оскол;"Новом Осколе
";Novyj Oskol
5004300000000;Ногинск;"Ногинске
";Noginsk
4000000000000;Юхнов;"Юхнове
";Juhnov
2400000900000;Норильск;"Норильске
";Noril'sk
1603300100000;Нурлат;"Нурлате
";Nurlat
5901400100000;Нытва;"Нытве
";Nytva
1402100100000;Нюрба;"Нюрбе
";Njurba
8600000500000;Нягань;"Нягани
";Njagan'
2901300100000;Няндома;"Няндоме
";Njandoma
7900300100000;Облучье;"Облучье
";Obluch'e
4000000200000;Обнинск;"Обнинске
";Obninsk
4601600100000;Обоянь;"Обояни
";Obojan'
5400000300000;Обь;"Оби
";Ob'
7400001100000;Озёрск;"Озёрске
";Ozersk
200000400000;Октябрьский;"Октябрьском
";Oktjabr'skij
5301200100000;Окуловка;"Окуловке
";Okulovka
5100000700000;Оленегорск;"Оленегорске
";Olenegorsk
4302300100000;Омутнинск;"Омутнинске
";Omutninsk
2901400100000;Онега;"Онеге
";Onega
5000100000000;Орехово-Зуево;"Орехово-Зуеве
";Orehovo-Zuevo
5700000000000;Орлов;"Орлове
";Orlov
5600000400000;Орск;"Орске
";Orsk
5901600100000;Оса;"Осе
";Osa
4200000700000;Осинники;"Осинники
";Osinniki
3602000100000;Острогожск;"Острогожске
";Ostrogozhsk
4701000200000;Отрадное;"Отрадном
";Otradnoe
6300000500000;Отрадный;"Отрадный
";Otradnyj
6500900100000;Оха;"Охе
";Oha
5900000000000;Оханск;"Оханске
";Ohansk
5901900100000;Очёр;"Очёре
";Ocher
7800000700000;Павловск;"Павловск
";Pavlovsk
5005200000000;Павловский Посад;"Павловском Посаде
";Pavlovskij Posad
3402400100000;Палласовка;"Палласовке
";Pallasovka
8700600100000;Певек;"Певеке
";Pevek
6600001600000;Первоуральск;"Первоуральске
";Pervoural'sk
5200001200000;Перевоз;"Перевозе
";Perevoz
5004100200000;Пересвет;"Пересвете
";Peresvet
5900000100000;Пермь;"Перми
";Perm'
5301400100000;Пестово;"Пестово
";Pestovo
3401100200000;Петров Вал;"Петровом Вале
";Petrov Val
7501900100000;Петровск-Забайкальский;"Петровск-Забайкальский
";Petrovsk-Zabajkal'skij
1000000100000;Петрозаводск;"Петрозаводске
";Petrozavodsk
4501500100000;Петухово;"Петухово
";Petuhovo
3301200100000;Петушки;"Петушках
";Petushki
1100000500000;Печора;"Печоре
";Pechora
4700200200000;Пикалёво;"Пикалёво
";Pikalevo
3900000300000;Пионерский;"Пионерском
";Pionerskij
1001100100000;Питкяранта;"Питкяранте
";Pitkjaranta
7101900100000;Плавск;"Плавске
";Plavsk
7404600100000;Пласт;"Пласте
";Plast
2901600000100;Плёс;"Плёс
";Ples
3602400100000;Поворино;"Поворином
";Povorino
5000002400000;Подольск;"Подольске
";Podol'sk
4701400100000;Подпорожье;"Подпорожье
";Podporozh'e
3301200300000;Покров;"Покрове
";Pokrov
6102700000100;Покровск;"Покровске
";Pokrovsk
6600001700000;Полевской;"Полевском
";Polevskoj
4200001100000;Полысаево;"Полысаеве
";Polysaevo
5100001000000;Полярный;"Полярном
";Poljarnyj
6300000900000;Похвистнево;"Похвистневом
";Pohvistnevo
3202000100000;Почеп;"Почепе
";Pochep
6701500100000;Починок;"Починоке
";Pochinok
7601300100000;Пошехонье;"Пошехонье
";Poshehon'e
5005000085300;Правдинск;"Правдинск
";Pravdinsk
3701300100000;Приволжск;"Приволжске
";Privolzhsk
2500000000000;Приморск;"Приморске
";Primorsk
4701500100000;Приозерск;"Приозерске
";Priozersk
4200001300000;Прокопьевск;"Прокопьевске
";Prokop'evsk
5000001400000;Протвино;"Протвином
";Protvino
700000200000;Прохладный;"Прохладном
";Prohladnyj
6400001000000;Пугачёв;"Пугачёве
";Pugachev
1000000000000;Пудож;"Пудоже
";Pudozh
5000001500000;Пущино;"Пущином
";Puschino
2600000700000;Пятигорск;"Пятигорске
";Pjatigorsk
2800000200000;Райчихинск;"Райчихинске
";Rajchihinsk
5000001600000;Реутов;"Реутове
";Reutov
6900000300000;Ржев;"Ржеве
";Rzhev
3701500100000;Родники;"Родниках
";Rodniki
6701600100000;Рославль;"Рославле
";Roslavl'
3602800100000;Россошь;"Россоши
";Rossosh'
5004900200000;Рошаль;"Рошали
";Roshal'
6400001100000;Ртищево;"Ртищеве
";Rtischevo
2200000900000;Рубцовск;"Рубцовске
";Rubtsovsk
1300000300000;Рузаевка;"Рузаевке
";Ruzaevka
4602000100000;Рыльск;"Рыльске
";Ryl'sk
200000500000;Салават;"Салавате
";Salavat
4200300200000;Салаир;"Салаире
";Salair
6103500100000;Сальск;"Сальске
";Sal'sk
1300000100000;Саранск;"Саранске
";Saransk
6200000200000;Сасово;"Сасовом
";Sasovo
7401700200000;Сатка;"Сатке
";Satka
6701800100000;Сафоново;"Сафоново
";Safonovo
1900000200000;Саяногорск;"Саяногорске
";Sajanogorsk
2600000000000;Ставрополь;"Ставрополе
";Stavropol'
3700000000000;Юрьевец;"Юрьевеце
";Jur'evets
3901600100000;Светлогорск;"Светлогорске
";Svetlogorsk
2602100100000;Светлоград;"Светлограде
";Svetlograd
3900000600000;Светлый;"Светлом
";Svetlyj
2800000500000;Свободный;"Свободном
";Svobodnyj
300000200000;Северобайкальск;"Северобайкальске
";Severobajkal'sk
5100001100000;Североморск;"Североморске
";Severomorsk
7000000300000;Северск;"Северске
";Seversk
1001400100000;Сегежа;"Сегеже
";Segezha
5200000600000;Семёнов;"Семёнове
";Semenov
6103600100000;Семикаракорск;"Семикаракорске
";Semikarakorsk
3602900100000;Семилуки;"Семилуки
";Semiluki
7301500100000;Сенгилей;"Сенгилее
";Sengilej
5203800100000;Сергач;"Сергаче
";Sergach
5802500100000;Сердобск;"Сердобске
";Serdobsk
6600003400000;Серов;"Серове
";Serov
5000002800000;Серпухов;"Серпухове
";Serpuhov
4700500200000;Сертолово;"Сертоловом
";Sertolovo
200000600000;Сибай;"Сибае
";Sibaj
9100000700000;Сим;"Симе
";Sim
2801700100000;Сковородино;"Сковородином
";Skovorodino
2200001000000;Славгород;"Славгороде
";Slavgorod
4701600100000;Сланцы;"Сланцы
";Slantsy
4303100100000;Слободской;"Слободском
";Slobodskoj
7400001300000;Снежинск;"Снежинске
";Snezhinsk
5100001300000;Снежногорск;"Снежногорске
";Snezhnogorsk
3301400100000;Собинка;"Собинке
";Sobinka
3900000700000;Советск;"Советске
";Sovetsk
2700000700000;Советская Гавань;"Советской Гавани
";Sovetskaja Gavan'
3501700100000;Сокол;"Соколе
";Sokol
4402000100000;Солигалич;"Солигаличе
";Soligalich
5900001100000;Соликамск;"Соликамске
";Solikamsk
2900800300000;Сольвычегодск;"Сольвычегодске
";Sol'vychegodsk
5301600200000;Сольцы;"Сольцы
";Sol'tsy
1900000500000;Сорск;"Сорске
";Sorsk
4001200200000;Сосенский;"Сосенском
";Sosenskij
4300800200000;Сосновка;"Сосновке
";Sosnovka
2400001000000;Сосновоборск;"Сосновоборске
";Sosnovoborsk
4700000400000;Сосновый Бор;"Сосновом Боре
";Sosnovyj Bor
1100000600000;Сосногорск;"Сосногорске
";Sosnogorsk
6200600100000;Спас-Клепики;"Спас-Клепики
";Spas-Klepiki
2500001000000;Спасск-Дальний;"Спасск-Дальнем
";Spassk-Dal'nij
6202000100000;Спасск-Рязанский;"Спасск-Рязанском
";Spassk-Rjazanskij
1402500100000;Среднеколымск;"Среднеколымске
";Srednekolymsk
6600003800000;Среднеуральск;"Среднеуральске
";Sredneural'sk
5301700100000;Старая Русса;"Старой Руссе
";Staraja Russa
6900003000000;Старица;"Старице
";Staritsa
3200000600000;Стародуб;"Стародубе
";Starodub
3100000200000;Старый Оскол;"Старом Осколе
";Staryj Oskol
200001400000;Стерлитамак;"Стерлитамаке
";Sterlitamak
7000000400000;Стрежевой;"Стрежевом
";Strezhevoj
3300200300000;Струнино;"Струнином
";Strunino
5000005400000;Ступино;"Ступино
";Stupino
7102000100000;Суворов;"Суворове
";Suvorov
3301500100000;Судогда;"Судогде
";Sudogda
600000500000;Сунжа;"Сунже
";Sunzha
3202500100000;Сураж;"Сураже
";Surazh
8600001000000;Сургут;"Сургуте
";Surgut
3403000100000;Суровикино;"Суровикином
";Surovikino
4900600100000;Сусуман;"Сусумане
";Susuman
6602400100000;Сухой Лог;"Сухом Логе
";Suhoj Log
6300000800000;Сызрань;"Сызрани
";Syzran'
1100000100000;Сыктывкар;"Сыктывкаре
";Syktyvkar
6602500100000;Сысерть;"Сысерти
";Sysert'
6701900100000;Сычёвка;"Сычевке
";Sychevka
6602700200000;Тавда;"Тавде
";Tavda
4200000800000;Тайга;"Тайге
";Tajga
5000005900000;Талдом;"Талдоме
";Taldom
6602800100000;Талица;"Талице
";Talitsa
8900400100000;Тарко-Сале;"Тарко-Сале
";Tarko-Sale
4002100100000;Таруса;"Тарусе
";Tarusa
4201200100000;Таштагол;"Таштаголе
";Tashtagol
3700000500000;Тейково;"Тейковом
";Tejkovo
700600100000;Терек;"Тереке
";Terek
1603900100000;Тетюши;"Тетюши
";Tetjushi
2303400100000;Тимашёвск;"Тимашёвске
";Timashevsk
4701700100000;Тихвин;"Тихвине
";Tihvin
2303500100000;Тихорецк;"Тихорецке
";Tihoretsk
5402400100000;Тогучин;"Тогучине
";Toguchin
6300000700000;Тольятти;"Тольятти
";Tol'jatti
1400300200000;Томмот;"Томмоте
";Tommot
4201400100000;Топки;"Топки
";Topki
3000000100000;Астрахань;"Астрахани
";Astrahan'
6903400100000;Торопец;"Торопеце
";Toropets
4701800100000;Тосно;"Тосне
";Tosno
3502000100000;Тотьма;"Тотьме
";Tot'ma
3202600100000;Трубчевск;"Трубчевске
";Trubchevsk
2303600100000;Туапсе;"Туапсе
";Tuapse
204400100000;Туймазы;"Туймазы
";Tujmazy
3800001000000;Тулун;"Тулуне
";Tulun
1700900100000;Туран;"Туране
";Turan
6603000100000;Туринск;"Туринске
";Turinsk
2800000600000;Тында;"Тынде
";Tynda
701000100000;Тырныауз;"Тырныаузе
";Tyrnyauz
7200000100000;Тюмень;"Тюмени
";Tjumen'
6800000800000;Уварово;"Уваровом
";Uvarovo
7601700100000;Углич;"Угличе
";Uglich
1401700200000;Удачный;"Удачном
";Udachnyj
6900000700000;Удомля;"Удомле
";Udomlja
2404000100000;Ужур;"Ужуре
";Uzhur
7102200100000;Узловая;"Узловой
";Uzlovaja
300000100000;Улан-Удэ;"Улан-Удэ
";Ulan-Ude
3202700100000;Унеча;"Унече
";Unecha
8600000900000;Урай;"Урае
";Uraj
3400000500000;Урюпинск;"Урюпинске
";Urjupinsk
1100000700000;Усинск;"Усинске
";Usinsk
4801600100000;Усмань;"Усмани
";Usman'
3800001100000;Усолье;"Усолье
";Usol'e
3800001200000;Усть-Илимск;"Усть-Илимске
";Ust'-Ilimsk
7400001500000;Усть-Катав;"Усть-Катаве
";Ust'-Katav
3800001300000;Усть-Кут;"Усть-Куте
";Ust'-Kut
3502200100000;Устюжна;"Устюжне
";Ustjuzhna
200000100000;Уфа;"Уфе
";Ufa
1100000800000;Ухта;"Ухте
";Uhta
204600100000;Учалы;"Учалы
";Uchaly
2404100100000;Уяр;"Уяре
";Ujar
3400000600000;Фролово;"Фроловом
";Frolovo
5000001900000;Фрязино;"Фрязином
";Frjazino
3701800100000;Фурманов;"Фурманов
";Furmanov
3001100100000;Харабали;"Харабали
";Harabali
3500000000000;Харовск;"Харовске
";Harovsk
500000900000;Хасавюрт;"Хасавюрте
";Hasavjurt
6400001200000;Хвалынск;"Хвалынске
";Hvalynsk
7502500100000;Хилок;"Хилоке
";Hilok
5004100100000;Хотьково;"Хотьково
";Hot'kovo
2101600100000;Цивильск;"Цивильске
";Tsivil'sk
6104200100000;Цимлянск;"Цимлянске
";Tsimljansk
1700400100000;Чадан;"Чадане
";Chadan
5900001200000;Чайковский;"Чайковском
";Chajkovskij
6300000600000;Чапаевск;"Чапаевске
";Chapaevsk
4801800100000;Чаплыгин;"Чаплыгине
";Chaplygin
7400003500000;Чебаркуль;"Чебаркуле
";Chebarkul'
2100000100000;Чебоксары;"Чебоксары
";Cheboksary
700800100000;Чегем;"Чегеме
";Chegem
5902700100000;Чердынь;"Чердыни
";Cherdyn'
5402800100000;Черепаново;"Черепановом
";Cherepanovo
3500000200000;Череповец;"Череповце
";Cherepovets
900000000000;Черкесск;"Черкесске
";Cherkessk
5900800200000;Чёрмоз;"Чёрмозе
";Chermoz
1900000300000;Черногорск;"Черногорске
";Chernogorsk
5902800100000;Чернушка;"Чернушке
";Chernushka
3901400100000;Черняховск;"Черняховске
";Chernjahovsk
1604300100000;Чистополь;"Чистополе
";Chistopol'
5204600100000;Чкаловск;"Чкаловске
";Chkalovsk
5403000100000;Чулым;"Чулыме
";Chulym
4402300100000;Чухлома;"Чухломе
";Chuhloma
1701400100000;Шагонар;"Шагонаре
";Shagonar
4500000200000;Шадринск;"Шадринске
";Shadrinsk
2001200100000;Шали;"Шали
";Shali
2400001900000;Шарыпово;"Шарыповом
";Sharypovo
4402400100000;Шарья;"Шарье
";Shar'ja
6200000000000;Шацк;"Шацке
";Shatsk
3100000300000;Шебекино;"Шебекином
";Shebekino
7502800100000;Шилка;"Шилке
";Shilka
6400000200000;Шиханы;"Шиханы
";Shihany
2100002500000;Шумерля;"Шумерлях
";Shumerlja
4502300100000;Шумиха;"Шумихе
";Shumiha
3700000600000;Шуя;"Шуе
";Shuja
7102400100000;Щёкино;"Щёкином
";Schekino
4502400100000;Щучье;"Щучье
";Schuch'e
5004300200000;Электроугли;"Электроуглях
";Elektrougli
800000100000;Элиста;"Элисте
";Elista
6400001300000;Энгельс;"Энгельсе
";Engel's
3603300100000;Эртиль;"Эртили
";Ertil'
8600001600000;Югорск;"Югорске
";Jugorsk
3702000100000;Южа;"Юже
";Juzha
500000500000;Южно-Сухокумск;"Южно-Сухокумске
";Juzhno-Suhokumsk
7400001600000;Южноуральск;"Южноуральске
";Juzhnoural'sk
4200001400000;Юрга;"Юрге
";Jurga
3301700100000;Юрьев-Польский;"Юрьев-Польском
";Jur'ev-Pol'skij
7401000100000;Юрюзань;"Юрюзани
";Jurjuzan'
7200000500000;Ялуторовск;"Ялуторовске
";Jalutorovsk
205200100000;Янаул;"Янауле
";Janaul
4304000100000;Яранск;"Яранске
";Jaransk
7102500100000;Ясногорск;"Ясногорске
";Jasnogorsk
5004500200000;Яхрома;Яхроме;Jahroma
2300300100000;Анапа;"Анапе
";Anapa
3600500100000;Борисоглебск;"Борисоглебске
";Borisoglebsk
2900000500000;Коряжма;"Коряжме
";Korjazhma
4700511700000;Мурино;"Мурином
";Murino
2300000600000;Новороссийск;"Новороссийске
";Novorossijsk
2900000400000;Северодвинск;"Северодвинске
";Severodvinsk
5004200200000;Голицыно;"Голицыном
";Golitsyno
4000000100000;Калуга;"Калуге
";Kaluga
6800000700000;Рассказово;"Рассказовом
";Rasskazovo
8600900000400;Белый;"Белом
";Belyj
6300000200000;Жигулёвск;"Жигулёвске
";Zhigulevsk
4200001500000;Белово;"Белово
";Belovo
4700200100000;Бокситогорск;"Бокситогорске
";Boksitogorsk
5900001500000;Краснокамск;"Краснокамске
";Krasnokamsk
7100500100000;Богородицк;"Богородицке
";Bogoroditsk
1601600100000;Иннополис;"Иннополисе
";Innopolis
8600800100000;Советский;"Советском
";Sovetskij
6100000300000;Батайск;"Батайске
";Batajsk
5700000300000;Мценск;"Мценске
";Mtsensk
6100001200000;Шахты;"Шахты
";Shahty
5004800200000;Верея;"Верее
";Vereja
5004600200000;Дедовск;"Дедовске
";Dedovsk
6100000700000;Зверево;"Зверево
";Zverevo
2201800100000;Камень-на-Оби;"камень-на-оби
";Kamen'-na-Obi
3200600100000;Дятьково;"Дятьково
";Djat'kovo
3600000300000;Нововоронеж;"Нововоронеже
";Novovoronezh
6602500200000;Арамиль;"Арамиле
";Aramil'
2400000200000;Бородино;"Бородино
";Borodino
2300900100000;Гулькевичи;"Гулькевичи
";Gul'kevichi
6300001000000;Кинель;"Кинеле
";Kinel'
4801200100000;Лебедянь;"Лебедяни
";Lebedjan'
6400300100000;Аркадак;"Аркадаке
";Arkadak
4700700200000;Коммунар;"Коммунаре
";Kommunar
7101400200000;Болохово;"Болохово
";Bolohovo
7300000400000;Новоульяновск;"Новоульяновске
";Novoul'janovsk
2500000200000;Арсеньев;"Арсеньеве
";Arsen'ev
6501300100000;Томари;"Томари
";Tomari
2400000000000;Красноярск;"Красноярске
";Krasnojarsk
2500000800000;Дальнегорск;"Дальнегорске
";Dal'negorsk
6501100100000;Северо-Курильск;"Северо-Курильске
";Severo-Kuril'sk
2500000500000;Партизанск;"Партизанске
";Partizansk
5605500100000;Абдулино;"Абдулино
";Abdulino
1700000200000;Ак-Довурак;"Ак-Довураке
";Ak-Dovurak
3801600200000;Алзамай;"Алзамае
";Alzamaj
6900001000000;Андреаполь;"Андреаполе
";Andreapol'
2300000200000;Армавир;"Армавире
";Armavir
3000200100000;Ахтубинск;"Ахтубинске
";Ahtubinsk
4000400200000;Балабаново;"Балабановом
";Balabanovo
6100500100000;Белая Калитва;"Белой Калитве
";Belaja Kalitva
2300600100000;Белореченск;"Белореченске
";Belorechensk
7900000100000;Биробиджан;"Биробиджане
";Birobidzhan
3801900200000;Бирюсинск;"Бирюсинске
";Birjusinsk
2800000100000;Благовещенск;"Благовещенске
";Blagoveschensk
3600400100000;Богучар;"Богучаре
";Boguchar
2500000700000;Большой Камень;"Большом Камне
";Bol'shoj Kamen'
500001000000;Буйнакск;"Буйнакске
";Bujnaksk
5400000000000;Новосибирск;"Новосибирске
";Novosibirsk
6600003700000;Верхний Тагил;"Верхнем Тагиле
";Verhnij Tagil
1401100100000;Вилюйск;"Вилюйске
";Viljujsk
1500000100000;Владикавказ;"Владикавказе
";Vladikavkaz
5203200200000;Ворсма;"Ворсма
";Vorsma
5004700200000;Высоковск;"Высоковске
";Vysokovsk
4300800100000;Вятские Поляны;"Вятских Полянах
";Vjatskie Poljany
400000100000;Горно-Алтайск;"Горно-Алтайске
";Gorno-Altajsk
2300000400000;Горячий Ключ;"Горячем Ключе
";Gorjachij Kljuch
4200300100000;Гурьевск;"Гурьевске
";Gur'evsk
500000200000;Дагестанские Огни;"Дагестанских Огнях
";Dagestanskie Ogni
6600004100000;Дегтярск;"Дегтярске
";Degtjarsk
5000002300000;Дзержинский;"Дзержинском
";Dzerzhinskij
3400600100000;Дубовка;"Дубовке
";Dubovka
6600000100000;Екатеринбург;"Екатеринбурге
";Ekaterinburg
2600000200000;Ессентуки;"Ессентуках
";Essentuki
3801500100000;Железногорск-Илимский;"Железногорск-Илимском
";Zheleznogorsk-Ilimskij
6900001300000;Западная Двина;"Западной Двине
";Zapadnaja Dvina
3900600100000;Зеленоградск;"Зеленоградске
";Zelenogradsk
4700801100000;Ивангород;"Ивангороде
";Ivangorod
2601100100000;Ипатово;"Ипатовом
";Ipatovo
3401000100000;Калач-на-Дону;"Калаче-на-Дону
";Kalach-na-Donu
6600002200000;Каменск-Уральский;"Каменск-Уральском
";Kamensk-Ural'skij
2900600100000;Каргополь;"Каргополе
";Kargopol'
7401000200000;Катав-Ивановск;"Катав-Ивановске
";Katav-Ivanovsk
1000400100000;Кемь;"Кеми
";Kem'
5900000700000;Кизел;"Кизеле
";Kizel
7100000000000;Киреевск;"Киреевске
";Kireevsk
4300000400000;Кирово-Чепецк;"Кирово-Чепецке
";Kirovo-Chepetsk
2402100100000;Кодинск;"Кодинске
";Kodinsk
1200000300000;Козьмодемьянск;"Козьмодемьянске
";Koz'modem'jansk
6101800100000;Константиновск;"Константиновске
";Konstantinovsk
3401500100000;Котово;"Котовом
";Kotovo
9300600200000;Красноармейск;"Красноармейске
";Krasnoarmejsk
6600001100000;Красноуральск;"Красноуральске
";Krasnoural'sk
6901700100000;Кувшиново;"Кувшиновом
";Kuvshinovo
5000100200000;Куровское;"Куровском
";Kurovskoe
2302100100000;Лабинск;"Лабинске
";Labinsk
1000600100000;Лахденпохья;"Лахденпохье
";Lahdenpoh'ja
5000100300000;Ликино-Дулёво;"Ликино-Дулёво
";Likino-Dulevo
5000003100000;Лосино-Петровский;"Лосино-Петровском
";Losino-Petrovskij
5900001000000;Лысьва;"Лысьве
";Lys'va
4001400100000;Людиново;"Людиновом
";Ljudinovo
4400000000000;Макарьев;"Макарьеве
";Makar'ev
5701400100000;Малоархангельск;"Малоархангельске
";Maloarhangel'sk
200000800000;Межгорье;"Межгорье
";Mezhgor'e
1602800100000;Менделеевск;"Менделеевск
";Mendeleevsk
2601700200000;Минеральные Воды;"Минеральные Воды
";Mineral'nye Vody
8900000400000;Муравленко;"Муравленко
";Muravlenko
600000300000;Назрань;"Назрани
";Nazran'
8300000100000;Нарьян-Мар;"Нарьян-Маре
";Nar'jan-Mar
600400000900;Нестеров;"Нестеров
";Nesterov
8600001100000;Нижневартовск;"Нижневартовске
";Nizhnevartovsk
6600002700000;Нижняя Салда;"Нижней Салде
";Nizhnjaja Salda
2601900100000;Новоалександровск;"Новоалександровске
";Novoaleksandrovsk
6001200100000;Новосокольники;"Новосокольниках
";Novosokol'niki
8900000600000;Новый Уренгой;"Новом Уренгом
";Novyj Urengoj
7403600100000;Нязепетровск;"Нязепетровске
";Njazepetrovsk
1400000000000;Олёкминск;"Олёкминске
";Olekminsk
6900000800000;Осташков;"Осташкове
";Ostashkov
5203200100000;Павлово;"Павловом
";Pavlovo
9400400000000;Первомайск;"Первомайске
";Pervomajsk
7600000200000;Переславль-Залесский;"Переславль-Залесский
";Pereslavl'-Zalesskij
4100000100000;Петропавловск-Камчатский;"Петропавловск-Камчатском
";Petropavlovsk-Kamchatskij
5100000900000;Полярные Зори;"Полярные Зори
";Poljarnye Zori
2302800100000;Приморско-Ахтарск;"Приморско-Ахтарске
";Primorsko-Ahtarsk
5000006300000;Раменское;"Раменском
";Ramenskoe
6100000100000;Ростов-на-Дону;"Ростове
";Rostov-na-Donu
8900000100000;Салехард;"Салехарде
";Salehard
7800000000000;Санкт-Петербург;"Санкт-Петербурге
";Sankt-Peterburg
4700600500000;Светогорск;"Светогорске
";Svetogorsk
6600002100000;Североуральск;"Североуральске
";Severoural'sk
5004100000000;Сергиев Посад;"Сергиевом Посаде
";Sergiev Posad
2303000100000;Славянск-на-Кубани;"Славянск-на-Кубани
";Slavjansk-na-Kubani
1000000700000;Сортавала;"Сортавале
";Sortavala
4000500100000;Спас-Деменск;"Спас-Деменске
";Spas-Demensk
5004300300000;Старая Купавна;"Старой Купавне
";Staraja Kupavna
1001500100000;Суоярви;"Суоярви
";Suojarvi
4002000100000;Сухиничи;"Сухиничи
";Suhinichi
4700400300000;Сясьстрой;"Сясьстрое
";Sjas'stroj
900000300000;Теберда;"Теберде
";Teberda
7200000200000;Тобольск;"Тобольске
";Tobol'sk
6900000200000;Торжок;"Торжоке
";Torzhok
7400001400000;Трёхгорный;"Трёхгорном
";Trehgornyj
5503000100000;Тюкалинск;"Тюкалинске
";Tjukalinsk
5204500100000;Урень;"Урне
";Uren'
900800100000;Усть-Джегута;"Усть-Джегуте
";Ust'-Dzheguta
2500000600000;Фокино;"Фокином
";Fokino
2300400200000;Хадыженск;"Хадыженске
";Hadyzhensk
2800001000000;Циолковский;"Циолковском
";Tsiolkovskij
7102000200000;Чекалин;"Чекалине
";Chekalin
5000003500000;Черноголовка;"Черноголовке
";Chernogolovka
5302000100000;Чудово;"Чудово
";Chudovo
5200000900000;Шахунья;"Шахуньи
";Shahun'ja
2800000700000;Шимановск;"Шимановске
";Shimanovsk
5005200200000;Электрогорск;"Электрогорске
";Elektrogorsk
6500000100000;Южно-Сахалинск;"Южно-Сахалинске
";Juzhno-Sahalinsk
7600000100000;Ярославль;"Ярославле
";Jaroslavl'
